hour,trips,average_fare,total_revenue
0,19554,10.3129283011149,238278.690000001
1,14410,10.2066613462873,173446.589999999
2,10991,10.305763806751,132983.81
3,7766,10.6444501673963,96962.6999999999
4,5537,11.7326169405815,76201.97
5,4358,13.2700780174392,68974.4499999999
6,9502,10.8253136181857,119128.150000001
7,17788,9.51700022487074,194509.880000002
8,22431,9.67084659622846,250100.920000003
9,23730,9.49995785924988,259432.440000002
10,22470,9.50033511348467,244245.330000001
11,22893,9.75185384178577,255047.820000002
12,24517,9.85913855691969,276009.54
13,24200,10.0645785123967,278170.680000001
14,25115,10.2225721680271,292862.550000002
15,24176,10.3290494705493,285574.580000002
16,21092,10.24063578608,261879.200000002
17,25089,9.88714057953692,301348.020000001
18,30181,9.6058182300123,353450.449999999
19,31393,9.288997547224,356880.770000003
20,29425,9.55553576890405,336960.61
21,28227,9.75910546639745,329264.190000002
22,27155,10.0266396612042,324313.06
23,24660,10.3284529602596,301916.670000002
