pickup_zone,dropoff_zone,trips,total_revenue,average_fare
PU_0_0,DO_0_0,9844,114170.49,9.90152377082489
PU_-73.137_41.366,DO_-73.137_41.366,568,7191.92,10.7401408450704
PU_-73.937_40.758,DO_-73.937_40.758,114,1373.3,10.4
PU_-73.938_40.758,DO_-73.938_40.758,61,792.16,11.0786885245902
PU_-73.929_40.744,DO_-73.929_40.744,53,610.51,9.79245283018868
PU_-73.956_40.779,DO_-73.956_40.779,43,592.18,11.8255813953488
PU_-73.873_40.774,DO_-73.979_40.762,16,551.68,26.625
PU_-73.996_40.761,DO_-73.996_40.761,43,536.79,10.7418604651163
PU_-73.951_40.802,DO_-73.951_40.802,51,504.7,8.47647058823529
PU_-73.979_40.762,DO_-73.873_40.774,14,461.18,25.8142857142857
PU_-73.876_40.773,DO_-73.876_40.773,31,459.31,12.6806451612903
PU_-73.873_40.774,DO_-73.973_40.756,13,429.63,25.5153846153846
PU_-73.986_40.759,DO_-73.871_40.774,11,396.25,27.9545454545455
PU_-73.863_40.769,DO_-73.979_40.762,11,388.53,28.1727272727273
PU_-74.007_40.735,DO_-74.007_40.735,37,362.87,8.58648648648649
